"state","district","market","commodity","variety","arrival_date","min_price","max_price","modal_price"
"Andhra Pradesh","Kurnool","Pattikonda","Tomato","Local","23/04/2020","700","1000","800"
"Gujarat","Dahod","Dahod(Veg. Market)","Bhindi(Ladies Finger)","Bhindi","23/04/2020","1000","2000","1800"
"Gujarat","Dahod","Dahod(Veg. Market)","Bitter gourd","Bitter Gourd","23/04/2020","1000","2200","1600"
"Gujarat","Dahod","Dahod(Veg. Market)","Bottle gourd","Bottle Gourd","23/04/2020","500","1300","1000"
"Gujarat","Dahod","Dahod(Veg. Market)","Brinjal","Brinjal","23/04/2020","500","1200","700"
"Gujarat","Dahod","Dahod(Veg. Market)","Cabbage","Cabbage","23/04/2020","300","800","500"
"Gujarat","Dahod","Dahod(Veg. Market)","Cauliflower","Cauliflower","23/04/2020","600","1800","1300"
"Gujarat","Dahod","Dahod(Veg. Market)","Coriander(Leaves)","Coriander","23/04/2020","1000","2000","1500"
"Gujarat","Dahod","Dahod(Veg. Market)","Cucumbar(Kheera)","Cucumbar","23/04/2020","800","1500","1100"
"Gujarat","Dahod","Dahod(Veg. Market)","Drumstick","Other","23/04/2020","1800","2500","2000"
"Gujarat","Dahod","Dahod(Veg. Market)","Garlic","Other","23/04/2020","5000","8000","7000"
"Gujarat","Dahod","Dahod(Veg. Market)","Ginger(Green)","Green Ginger","23/04/2020","5000","6000","5500"
"Gujarat","Dahod","Dahod(Veg. Market)","Green Chilli","Green Chilly","23/04/2020","1000","1600","1300"
"Gujarat","Dahod","Dahod(Veg. Market)","Lemon","Other","23/04/2020","3000","6000","5000"
"Gujarat","Dahod","Dahod(Veg. Market)","Little gourd (Kundru)","Other","23/04/2020","1200","2500","1800"
"Gujarat","Dahod","Dahod(Veg. Market)","Mint(Pudina)","Mint(Pudina)","23/04/2020","1000","3000","2000"
"Gujarat","Dahod","Dahod(Veg. Market)","Onion","Onion","23/04/2020","800","1200","1000"
"Gujarat","Dahod","Dahod(Veg. Market)","Onion Green","Onion Green","23/04/2020","1000","1500","1200"
"Gujarat","Dahod","Dahod(Veg. Market)","Potato","Potato","23/04/2020","1500","1900","1700"
"Gujarat","Dahod","Dahod(Veg. Market)","Tomato","Tomato","23/04/2020","300","800","500"
"Gujarat","Narmada","Rajpipla","Banana","Other","23/04/2020","400","800","600"
"Haryana","Kurukshetra","Pehowa","Banana","Other","23/04/2020","2300","2300","2300"
"Haryana","Kurukshetra","Pehowa","Cabbage","Other","23/04/2020","600","600","600"
"Haryana","Kurukshetra","Pehowa","Papaya","Other","23/04/2020","1600","1600","1600"
"Haryana","Kurukshetra","Pehowa","Potato","Other","23/04/2020","600","1200","1200"
"Haryana","Kurukshetra","Pehowa","Tomato","Other","23/04/2020","1600","1600","1600"
"Himachal Pradesh","Bilaspur","Bilaspur","Apple","Other","23/04/2020","9000","12000","11000"
"Himachal Pradesh","Bilaspur","Bilaspur","Banana","Other","23/04/2020","2300","2800","2400"
"Himachal Pradesh","Bilaspur","Bilaspur","Bottle gourd","Other","23/04/2020","1300","1500","1400"
"Himachal Pradesh","Bilaspur","Bilaspur","Capsicum","Other","23/04/2020","1500","1800","1600"
"Himachal Pradesh","Bilaspur","Bilaspur","Cauliflower","Other","23/04/2020","1000","1400","1200"
"Himachal Pradesh","Bilaspur","Bilaspur","Cucumbar(Kheera)","Other","23/04/2020","800","1000","900"
"Himachal Pradesh","Bilaspur","Bilaspur","Grapes","Other","23/04/2020","4000","7000","5000"
"Himachal Pradesh","Bilaspur","Bilaspur","Green Chilli","Other","23/04/2020","3000","3500","3200"
"Himachal Pradesh","Bilaspur","Bilaspur","Kinnow","Other","23/04/2020","3200","3500","3400"
"Himachal Pradesh","Bilaspur","Bilaspur","Onion","Other","23/04/2020","1500","1600","1600"
"Himachal Pradesh","Bilaspur","Bilaspur","Orange","Other","23/04/2020","4500","5000","5000"
"Himachal Pradesh","Bilaspur","Bilaspur","Papaya","Other","23/04/2020","3500","4000","4000"
"Himachal Pradesh","Bilaspur","Bilaspur","Peas cod","Other","23/04/2020","2500","3100","3000"
"Himachal Pradesh","Bilaspur","Bilaspur","Potato","Other","23/04/2020","1600","1700","1700"
"Himachal Pradesh","Bilaspur","Bilaspur","Tomato","Other","23/04/2020","2000","2400","2100"
"Himachal Pradesh","Kangra","Kangra","Apple","Other","23/04/2020","8000","9000","8500"
"Himachal Pradesh","Kangra","Kangra","Banana","Other","23/04/2020","3000","4000","3500"
"Himachal Pradesh","Kangra","Kangra","Bhindi(Ladies Finger)","Other","23/04/2020","4200","4500","4350"
"Himachal Pradesh","Kangra","Kangra","Bottle gourd","Other","23/04/2020","1200","1500","1350"
"Himachal Pradesh","Kangra","Kangra","Cabbage","Other","23/04/2020","600","700","650"
"Himachal Pradesh","Kangra","Kangra","Capsicum","Other","23/04/2020","1700","1800","1750"
"Himachal Pradesh","Kangra","Kangra","Cauliflower","Other","23/04/2020","1200","1500","1350"
"Himachal Pradesh","Kangra","Kangra","Cucumbar(Kheera)","Other","23/04/2020","800","1000","900"
"Himachal Pradesh","Kangra","Kangra","Ginger(Green)","Other","23/04/2020","8000","9000","8500"
"Himachal Pradesh","Kangra","Kangra","Green Chilli","Other","23/04/2020","3500","4000","3750"
"Himachal Pradesh","Kangra","Kangra","Kinnow","Other","23/04/2020","3000","3500","3250"
"Himachal Pradesh","Kangra","Kangra","Lemon","Other","23/04/2020","8000","9000","8500"
"Himachal Pradesh","Kangra","Kangra","Onion","Other","23/04/2020","1700","1800","1750"
"Himachal Pradesh","Kangra","Kangra","Papaya","Other","23/04/2020","3500","3600","3550"
"Himachal Pradesh","Kangra","Kangra","Pineapple","Other","23/04/2020","4000","4200","4100"
"Himachal Pradesh","Kangra","Kangra","Pomegranate","Other","23/04/2020","6000","7000","6500"
"Himachal Pradesh","Kangra","Kangra","Potato","Other","23/04/2020","1500","1600","1550"
"Himachal Pradesh","Kangra","Kangra","Tomato","Other","23/04/2020","1800","1900","1850"
"Himachal Pradesh","Kangra","Kangra(Baijnath)","Capsicum","Capsicum","23/04/2020","1600","2000","1800"
"Himachal Pradesh","Kangra","Kangra(Baijnath)","Pumpkin","Other","23/04/2020","1000","1600","1200"
"Himachal Pradesh","Kangra","Kangra(Baijnath)","Raddish","Other","23/04/2020","1000","1400","1200"
"Himachal Pradesh","Kangra","Kangra(Baijnath)","Spinach","Other","23/04/2020","2000","2000","2000"
"Himachal Pradesh","Kangra","Kangra(Jassour)","Apple","Other","23/04/2020","6000","10000","8000"
"Himachal Pradesh","Kangra","Kangra(Jassour)","Banana","Other","23/04/2020","2800","3200","3000"
"Himachal Pradesh","Kangra","Kangra(Jassour)","Bhindi(Ladies Finger)","Other","23/04/2020","4500","5500","5000"
"Himachal Pradesh","Kangra","Kangra(Jassour)","Bitter gourd","Other","23/04/2020","5000","5500","5250"
"Himachal Pradesh","Kangra","Kangra(Jassour)","Bottle gourd","Other","23/04/2020","1000","1400","1200"
"Himachal Pradesh","Kangra","Kangra(Jassour)","Brinjal","Other","23/04/2020","1500","2000","1750"
"Himachal Pradesh","Kangra","Kangra(Jassour)","Cabbage","Other","23/04/2020","800","1200","1000"
"Himachal Pradesh","Kangra","Kangra(Jassour)","Capsicum","Other","23/04/2020","1500","1700","1600"
"Himachal Pradesh","Kangra","Kangra(Jassour)","Cauliflower","Other","23/04/2020","800","1200","1000"
"Himachal Pradesh","Kangra","Kangra(Jassour)","Coriander(Leaves)","Other","23/04/2020","3000","4000","3500"
"Himachal Pradesh","Kangra","Kangra(Jassour)","Cucumbar(Kheera)","Other","23/04/2020","500","1200","850"
"Himachal Pradesh","Kangra","Kangra(Jassour)","French Beans (Frasbean)","Other","23/04/2020","2500","3000","2750"
"Himachal Pradesh","Kangra","Kangra(Jassour)","Garlic","Other","23/04/2020","9500","10000","9750"
"Himachal Pradesh","Kangra","Kangra(Jassour)","Ginger(Green)","Other","23/04/2020","9500","10000","9750"
"Himachal Pradesh","Kangra","Kangra(Jassour)","Grapes","Other","23/04/2020","4500","6500","5500"
"Himachal Pradesh","Kangra","Kangra(Jassour)","Green Chilli","Other","23/04/2020","2500","3500","3000"
"Himachal Pradesh","Kangra","Kangra(Jassour)","Kinnow","Other","23/04/2020","1500","2500","2000"
"Himachal Pradesh","Kangra","Kangra(Jassour)","Lemon","Other","23/04/2020","7000","8000","7500"
"Himachal Pradesh","Kangra","Kangra(Jassour)","Mango","Other","23/04/2020","8000","10000","9000"
"Himachal Pradesh","Kangra","Kangra(Jassour)","Mashrooms","Other","23/04/2020","8000","10000","9000"
"Himachal Pradesh","Kangra","Kangra(Jassour)","Mousambi(Sweet Lime)","Other","23/04/2020","5000","6000","5500"
"Himachal Pradesh","Kangra","Kangra(Jassour)","Onion","Other","23/04/2020","1500","1800","1650"
"Himachal Pradesh","Kangra","Kangra(Jassour)","Orange","Other","23/04/2020","5500","6500","6000"
"Himachal Pradesh","Kangra","Kangra(Jassour)","Papaya","Other","23/04/2020","3500","4000","3750"
"Himachal Pradesh","Kangra","Kangra(Jassour)","Peas cod","Other","23/04/2020","2500","3000","2750"
"Himachal Pradesh","Kangra","Kangra(Jassour)","Pineapple","Other","23/04/2020","2800","3000","2900"
"Himachal Pradesh","Kangra","Kangra(Jassour)","Pomegranate","Other","23/04/2020","7500","10000","8500"
"Himachal Pradesh","Kangra","Kangra(Jassour)","Potato","Other","23/04/2020","1600","1800","1700"
"Himachal Pradesh","Kangra","Kangra(Jassour)","Pumpkin","Other","23/04/2020","800","1000","900"
"Himachal Pradesh","Kangra","Kangra(Jassour)","Raddish","Other","23/04/2020","1000","1500","1250"
"Himachal Pradesh","Kangra","Kangra(Jassour)","Spinach","Other","23/04/2020","1000","1400","1200"
"Himachal Pradesh","Kangra","Kangra(Jassour)","Tomato","Other","23/04/2020","1800","2400","2100"
"Himachal Pradesh","Kangra","Kangra(Jassour)","Water Melon","Other","23/04/2020","1400","1800","1600"
"Karnataka","Bangalore","Doddaballa Pur","Banana - Green","Banana - Green","23/04/2020","2000","3000","2400"
"Karnataka","Bangalore","Doddaballa Pur","Beans","Beans (Whole)","23/04/2020","3200","4000","3600"
"Karnataka","Bangalore","Doddaballa Pur","Beetroot","Beetroot","23/04/2020","1000","1600","1300"
"Karnataka","Bangalore","Doddaballa Pur","Bhindi(Ladies Finger)","Bhindi","23/04/2020","1800","2400","2000"
"Karnataka","Bangalore","Doddaballa Pur","Bitter gourd","Bitter Gourd","23/04/2020","2800","3200","3000"
"Karnataka","Bangalore","Doddaballa Pur","Brinjal","Brinjal","23/04/2020","1800","2400","2000"
"Karnataka","Bangalore","Doddaballa Pur","Capsicum","Capsicum","23/04/2020","1000","2000","1500"
"Karnataka","Bangalore","Doddaballa Pur","Carrot","Other","23/04/2020","1000","1600","1200"
"Karnataka","Bangalore","Doddaballa Pur","Cauliflower","Cauliflower","23/04/2020","1000","1400","1200"
"Karnataka","Bangalore","Doddaballa Pur","Chapparad Avare","Chapparada Avarekai","23/04/2020","2200","3000","2600"
"Karnataka","Bangalore","Doddaballa Pur","Cucumbar(Kheera)","Cucumbar","23/04/2020","400","600","500"
"Karnataka","Bangalore","Doddaballa Pur","Garlic","Other","23/04/2020","8000","12000","10000"
"Karnataka","Bangalore","Doddaballa Pur","Green Chilli","Green Chilly","23/04/2020","2500","4000","3100"
"Karnataka","Bangalore","Doddaballa Pur","Knool Khol","Knool Khol","23/04/2020","1800","2400","2000"
"Karnataka","Bangalore","Doddaballa Pur","Onion","Onion","23/04/2020","1200","2000","1500"
"Karnataka","Bangalore","Doddaballa Pur","Potato","Local","23/04/2020","1800","2400","2100"
"Karnataka","Bangalore","Doddaballa Pur","Raddish","Raddish","23/04/2020","1500","2500","2100"
"Karnataka","Bangalore","Doddaballa Pur","Ridgeguard(Tori)","Ridgeguard(Tori)","23/04/2020","2000","2600","2300"
"Karnataka","Bangalore","Doddaballa Pur","Tomato","Tomato","23/04/2020","500","1000","650"
"Karnataka","Bangalore","Kanakapura","Tomato","Hybrid","23/04/2020","400","700","600"
"Karnataka","Bangalore","Ramanagara","Banana","Other","23/04/2020","1900","2500","2000"
"Karnataka","Bangalore","Ramanagara","Beans","Beans (Whole)","23/04/2020","4000","5600","5000"
"Karnataka","Bangalore","Ramanagara","Beetroot","Beetroot","23/04/2020","1400","1800","1600"
"Karnataka","Bangalore","Ramanagara","Bhindi(Ladies Finger)","Bhindi","23/04/2020","2400","3200","2800"
"Karnataka","Bangalore","Ramanagara","Bitter gourd","Bitter Gourd","23/04/2020","4400","4800","4600"
"Karnataka","Bangalore","Ramanagara","Brinjal","Brinjal","23/04/2020","1200","2000","1600"
"Karnataka","Bangalore","Ramanagara","Brinjal","Round","23/04/2020","1200","1600","1400"
"Karnataka","Bangalore","Ramanagara","Cabbage","Cabbage","23/04/2020","200","400","300"
"Karnataka","Bangalore","Ramanagara","Capsicum","Capsicum","23/04/2020","1600","2000","1800"
"Karnataka","Bangalore","Ramanagara","Carrot","Carrot","23/04/2020","1600","2000","1800"
"Karnataka","Bangalore","Ramanagara","Cauliflower","Cauliflower","23/04/2020","1800","2000","1900"
"Karnataka","Bangalore","Ramanagara","Chilly Capsicum","Chilly Capsicum","23/04/2020","1400","1600","1500"
"Karnataka","Bangalore","Ramanagara","Cucumbar(Kheera)","Cucumbar","23/04/2020","1400","1600","1500"
"Karnataka","Bangalore","Ramanagara","Drumstick","Drumstick","23/04/2020","3200","4000","3600"
"Karnataka","Bangalore","Ramanagara","Ginger(Green)","Green Ginger","23/04/2020","4000","4800","4400"
"Karnataka","Bangalore","Ramanagara","Green Chilli","Green Chilly","23/04/2020","1000","1600","1300"
"Karnataka","Bangalore","Ramanagara","Knool Khol","Knool Khol","23/04/2020","2000","2400","2200"
"Karnataka","Bangalore","Ramanagara","Lime","Lime","23/04/2020","2500","3500","3000"
"Karnataka","Bangalore","Ramanagara","Onion","Other","23/04/2020","800","1400","1100"
"Karnataka","Bangalore","Ramanagara","Potato","Potato","23/04/2020","2000","2500","2300"
"Karnataka","Bangalore","Ramanagara","Raddish","Raddish","23/04/2020","1200","2000","1600"
"Karnataka","Bangalore","Ramanagara","Ridgeguard(Tori)","Ridgeguard(Tori)","23/04/2020","3200","3800","3500"
"Karnataka","Bangalore","Ramanagara","Seemebadnekai","Seemebadanekai","23/04/2020","1800","2200","2000"
"Karnataka","Bangalore","Ramanagara","Snakeguard","Snakeguard","23/04/2020","1400","1800","1600"
"Karnataka","Bangalore","Ramanagara","Suvarna Gadde","Suvarnagadde","23/04/2020","1800","2000","1900"
"Karnataka","Bangalore","Ramanagara","Sweet Pumpkin","Sweet Pumpkin","23/04/2020","400","600","500"
"Karnataka","Bangalore","Ramanagara","Thondekai","Thondekai","23/04/2020","1200","1600","1400"
"Karnataka","Bangalore","Ramanagara","Tomato","Tomato","23/04/2020","400","600","500"
"Karnataka","Bangalore","Ramanagara","Water Melon","Water Melon","23/04/2020","1000","1400","1200"
"Karnataka","Belgaum","Soundati","Arhar Dal(Tur Dal)","Arhar Dal(Tur)","23/04/2020","6800","6800","6800"
"Karnataka","Belgaum","Soundati","Bengal Gram(Gram)(Whole)","Average (Whole)","23/04/2020","3700","4000","3890"
"Karnataka","Belgaum","Soundati","Cotton","GCH","23/04/2020","3100","3100","3100"
"Karnataka","Belgaum","Soundati","Maize","Local","23/04/2020","1250","1600","1400"
"Karnataka","Bellary","Bellary","Beetroot","Beetroot","23/04/2020","800","1000","950"
"Karnataka","Bellary","Bellary","Bhindi(Ladies Finger)","Bhindi","23/04/2020","800","1000","900"
"Karnataka","Bellary","Bellary","Brinjal","Round","23/04/2020","600","700","650"
"Karnataka","Bellary","Bellary","Cabbage","Cabbage","23/04/2020","500","600","550"
"Karnataka","Bellary","Bellary","Capsicum","Capsicum","23/04/2020","2000","2500","2300"
"Karnataka","Bellary","Bellary","Carrot","Pusakesar","23/04/2020","1000","2000","1700"
"Karnataka","Bellary","Bellary","Cauliflower","Local","23/04/2020","1000","1200","1100"
"Karnataka","Bellary","Bellary","Cucumbar(Kheera)","Cucumbar","23/04/2020","2000","2500","2300"
"Karnataka","Bellary","Bellary","Onion","Onion","23/04/2020","500","1100","800"
"Karnataka","Bellary","Bellary","Potato","Potato","23/04/2020","1500","2200","1900"
"Karnataka","Bellary","Bellary","Raddish","Raddish","23/04/2020","2000","2500","2300"
"Karnataka","Bellary","Bellary","Tomato","Hybrid","23/04/2020","800","1000","900"
"Karnataka","Bellary","H.B. Halli","Black Gram (Urd Beans)(Whole)","Black Gram (Whole)","23/04/2020","6000","6900","6900"
"Karnataka","Bellary","H.B. Halli","Cowpea (Lobia/Karamani)","Cowpea (Whole)","23/04/2020","6000","6000","6000"
"Karnataka","Bellary","H.B. Halli","Groundnut","Gejje","23/04/2020","4700","5600","5350"
"Karnataka","Bellary","H.B. Halli","Maize","Hybrid/Local","23/04/2020","1400","1400","1400"
"Karnataka","Bellary","H.B. Halli","Paddy(Dhan)(Common)","Sona","23/04/2020","1600","1750","1640"
"Karnataka","Haveri","Hanagal","Maize","Local","23/04/2020","1200","1500","1254"
"Karnataka","Haveri","Hanagal","Paddy(Dhan)(Common)","Paddy","23/04/2020","1500","1900","1702"
"Karnataka","Mandya","Srirangapattana","Gur(Jaggery)","Kurikatu","23/04/2020","2750","3500","3200"
"Karnataka","Mysore","K.R.Nagar","Carrot","Carrot","23/04/2020","2000","2000","2000"
"Karnataka","Mysore","K.R.Nagar","Green Chilli","Green Chilly","23/04/2020","1000","1000","1000"
"Karnataka","Mysore","K.R.Nagar","Paddy(Dhan)(Common)","Paddy","23/04/2020","1600","2000","1850"
"Karnataka","Mysore","K.R.Nagar","Potato","Potato","23/04/2020","2000","2000","2000"
"Karnataka","Mysore","K.R.Nagar","Rice","Medium","23/04/2020","2000","2000","2000"
"Karnataka","Mysore","K.R.Nagar","Tomato","Tomato","23/04/2020","500","1000","800"
"Karnataka","Mysore","Piriya Pattana","Ginger(Green)","Green Ginger","23/04/2020","2500","2500","2500"
"Karnataka","Mysore","Piriya Pattana","Maize","Hybrid/Local","23/04/2020","1000","1400","1200"
"Karnataka","Tumkur","Tiptur","Onion","Onion","23/04/2020","1600","2400","2000"
"Karnataka","Tumkur","Tiptur","Potato","Potato","23/04/2020","2200","2700","2500"
"Karnataka","Tumkur","Tiptur","Tomato","Tomato","23/04/2020","500","700","600"
"Karnataka","Tumkur","Tumkur","Arhar Dal(Tur Dal)","Arhar Dal(Tur)","23/04/2020","9000","13500","11000"
"Karnataka","Tumkur","Tumkur","Bengal Gram Dal (Chana Dal)","Bengal Gram Dal","23/04/2020","8000","10500","9000"
"Karnataka","Tumkur","Tumkur","Copra","other","23/04/2020","4000","6000","5000"
"Karnataka","Tumkur","Tumkur","Green Gram Dal (Moong Dal)","Green Gram Dal","23/04/2020","9000","13000","10000"
"Karnataka","Tumkur","Tumkur","Honge seed","Honge Seed","23/04/2020","2500","2900","2750"
"Karnataka","Tumkur","Tumkur","Maize","Local","23/04/2020","1500","2100","1850"
"Karnataka","Tumkur","Tumkur","Ragi (Finger Millet)","Local","23/04/2020","2000","3200","2500"
"Karnataka","Tumkur","Tumkur","Tamarind Fruit","Tamarind Fruit","23/04/2020","2500","26500","15000"
"Kerala","Ernakulam","Perumbavoor","Amaranthus","Amaranthus","23/04/2020","2000","3000","2500"
"Kerala","Ernakulam","Perumbavoor","Ashgourd","Ashgourd","23/04/2020","1600","2600","2000"
"Kerala","Ernakulam","Perumbavoor","Banana","Other","23/04/2020","4500","5500","5000"
"Kerala","Ernakulam","Perumbavoor","Banana","Palayamthodan","23/04/2020","2000","3000","2500"
"Kerala","Ernakulam","Perumbavoor","Banana - Green","Banana - Green","23/04/2020","1200","2200","1800"
"Kerala","Ernakulam","Perumbavoor","Bhindi(Ladies Finger)","Bhindi","23/04/2020","2200","3200","2800"
"Kerala","Ernakulam","Perumbavoor","Bitter gourd","Bitter Gourd","23/04/2020","2700","3700","3000"
"Kerala","Ernakulam","Perumbavoor","Bottle gourd","Bottle Gourd","23/04/2020","1300","2300","1800"
"Kerala","Ernakulam","Perumbavoor","Brinjal","Brinjal","23/04/2020","2000","3000","2500"
"Kerala","Ernakulam","Perumbavoor","Cabbage","Cabbage","23/04/2020","1400","2400","1800"
"Kerala","Ernakulam","Perumbavoor","Carrot","Carrot","23/04/2020","5000","6000","5500"
"Kerala","Ernakulam","Perumbavoor","Cauliflower","Cauliflower","23/04/2020","2400","3400","2800"
"Kerala","Ernakulam","Perumbavoor","Colacasia","Other","23/04/2020","4000","5000","4500"
"Kerala","Ernakulam","Perumbavoor","Cucumbar(Kheera)","Cucumbar","23/04/2020","1600","2600","1800"
"Kerala","Ernakulam","Perumbavoor","Drumstick","Drumstick","23/04/2020","5000","6000","5500"
"Kerala","Ernakulam","Perumbavoor","Elephant Yam (Suran)","Other","23/04/2020","2000","3000","2500"
"Kerala","Ernakulam","Perumbavoor","Ginger(Green)","Green Ginger","23/04/2020","6000","7000","6500"
"Kerala","Ernakulam","Perumbavoor","Little gourd (Kundru)","Other","23/04/2020","2000","3000","2500"
"Kerala","Ernakulam","Perumbavoor","Mango (Raw-Ripe)","Mango - Raw-Ripe","23/04/2020","2500","3500","3000"
"Kerala","Ernakulam","Perumbavoor","Pineapple","Pine Apple","23/04/2020","1000","2000","1500"
"Kerala","Ernakulam","Perumbavoor","Potato","Potato","23/04/2020","2000","3000","2500"
"Kerala","Ernakulam","Perumbavoor","Pumpkin","Pumpkin","23/04/2020","1200","2200","1800"
"Kerala","Ernakulam","Perumbavoor","Snakeguard","Snakeguard","23/04/2020","1800","2800","2000"
"Kerala","Ernakulam","Perumbavoor","Tomato","Tomato","23/04/2020","1000","2000","1500"
"Maharashtra","Beed","Vadvani","Bajra(Pearl Millet/Cumbu)","Other","23/04/2020","2100","2100","2100"
"Maharashtra","Beed","Vadvani","Jowar(Sorghum)","Other","23/04/2020","1600","1900","1900"
"Maharashtra","Beed","Vadvani","Wheat","Other","23/04/2020","1600","1600","1600"
"Maharashtra","Raigad","Roha","Paddy(Dhan)(Common)","Other","23/04/2020","1950","2000","1975"
"Odisha","Bargarh","Attabira","Paddy(Dhan)(Common)","Other","23/04/2020","1815","1835","1815"
"Odisha","Dhenkanal","Hindol","Banana - Green","Other","23/04/2020","2400","2600","2500"
"Odisha","Dhenkanal","Hindol","Beans","Other","23/04/2020","3000","3500","3200"
"Odisha","Dhenkanal","Hindol","Bhindi(Ladies Finger)","Bhindi","23/04/2020","2000","2500","2200"
"Odisha","Dhenkanal","Hindol","Bitter gourd","Bitter Gourd","23/04/2020","3300","3500","3400"
"Odisha","Dhenkanal","Hindol","Brinjal","Brinjal","23/04/2020","1000","1500","1200"
"Odisha","Dhenkanal","Hindol","Cucumbar(Kheera)","Cucumbar","23/04/2020","2800","3000","2900"
"Odisha","Dhenkanal","Hindol","Onion","Other","23/04/2020","2000","2200","2100"
"Odisha","Dhenkanal","Hindol","Pointed gourd (Parval)","Other","23/04/2020","3500","4000","3800"
"Odisha","Dhenkanal","Hindol","Potato","Potato","23/04/2020","1800","2200","2000"
"Odisha","Dhenkanal","Hindol","Pumpkin","Pumpkin","23/04/2020","1400","1600","1500"
"Odisha","Dhenkanal","Hindol","Tomato","Tomato","23/04/2020","1700","2000","1800"
"Odisha","Malkangiri","Malkanagiri","Cabbage","Other","23/04/2020","1900","2100","2000"
"Odisha","Malkangiri","Malkanagiri","Drumstick","Other","23/04/2020","4000","4500","4300"
"Odisha","Malkangiri","Malkanagiri","Pointed gourd (Parval)","Other","23/04/2020","3700","4100","3900"
"Odisha","Malkangiri","Malkanagiri","Potato","Other","23/04/2020","2200","2500","2400"
"Odisha","Malkangiri","Malkanagiri","Tomato","Other","23/04/2020","1500","2000","1700"
"Odisha","Malkangiri","Malkangiri(Korakunda)","Cauliflower","Other","23/04/2020","3900","4200","4000"
"Odisha","Malkangiri","Malkangiri(Korakunda)","Cucumbar(Kheera)","Cucumbar","23/04/2020","1900","2200","2000"
"Odisha","Malkangiri","Malkangiri(Korakunda)","Onion","Other","23/04/2020","2300","2700","2500"
"Tamil Nadu","Coimbatore","Anaimalai","Coconut","Other","23/04/2020","3100","3300","3200"
"Tamil Nadu","Coimbatore","Palladam","Coconut","Other","23/04/2020","2290","2490","2390"
"Tamil Nadu","Coimbatore","Pongalur","Copra","Milling Copra","23/04/2020","9000","10900","9600"
"Tamil Nadu","Coimbatore","Pudupalayam","Coconut","Coconut","23/04/2020","3000","3200","3100"
"Tamil Nadu","Coimbatore","Udumalpet","Copra","other","23/04/2020","9800","10800","10200"
"Tamil Nadu","Coimbatore","Udumalpet","Maize","Hybrid Red (Cattle Feed)","23/04/2020","1450","1550","1500"
"Tamil Nadu","Kancheepuram","Chengalpattu","Paddy(Dhan)(Common)","ADT 37","23/04/2020","1359","1621","1490"
"Tamil Nadu","Kancheepuram","Sunguvarchatram","Paddy(Dhan)(Common)","ADT 37","23/04/2020","1359","1621","1490"
"Tamil Nadu","Kancheepuram","Thirukkalukundram","Paddy(Dhan)(Common)","ADT 37","23/04/2020","1359","1621","1490"
"Tamil Nadu","Thanjavur","Budalur","Paddy(Dhan)(Common)","B P T","23/04/2020","1800","2000","1900"
"Uttar Pradesh","Aligarh","Khair","Apple","Delicious","23/04/2020","6400","6500","6450"
"Uttar Pradesh","Aligarh","Khair","Banana","Banana - Ripe","23/04/2020","2450","2600","2550"
"Uttar Pradesh","Aligarh","Khair","Bhindi(Ladies Finger)","Bhindi","23/04/2020","1900","2000","1950"
"Uttar Pradesh","Aligarh","Khair","Bottle gourd","Bottle Gourd","23/04/2020","600","700","650"
"Uttar Pradesh","Aligarh","Khair","Brinjal","Round/Long","23/04/2020","800","870","850"
"Uttar Pradesh","Aligarh","Khair","Cauliflower","Cauliflower","23/04/2020","800","900","850"
"Uttar Pradesh","Aligarh","Khair","Cucumbar(Kheera)","Cucumbar","23/04/2020","450","530","500"
"Uttar Pradesh","Aligarh","Khair","Ginger(Green)","Green Ginger","23/04/2020","4800","4900","4850"
"Uttar Pradesh","Aligarh","Khair","Green Chilli","Green Chilly","23/04/2020","1300","1400","1350"
"Uttar Pradesh","Aligarh","Khair","Onion","Red","23/04/2020","1050","1200","1100"
"Uttar Pradesh","Aligarh","Khair","Pomegranate","Pomogranate","23/04/2020","5400","5550","5450"
"Uttar Pradesh","Aligarh","Khair","Potato","Desi","23/04/2020","1200","1400","1350"
"Uttar Pradesh","Aligarh","Khair","Pumpkin","Pumpkin","23/04/2020","500","600","550"
"Uttar Pradesh","Aligarh","Khair","Raddish","Raddish","23/04/2020","700","800","750"
"Uttar Pradesh","Aligarh","Khair","Tomato","Hybrid","23/04/2020","700","850","800"
"Uttar Pradesh","Deoria","Barhaj","Barley (Jau)","Dara","23/04/2020","1820","1860","1840"
"Uttar Pradesh","Deoria","Barhaj","Bhindi(Ladies Finger)","Bhindi","23/04/2020","1400","1450","1430"
"Uttar Pradesh","Deoria","Barhaj","Bitter gourd","Bitter Gourd","23/04/2020","1550","1600","1580"
"Uttar Pradesh","Deoria","Barhaj","Bottle gourd","Bottle Gourd","23/04/2020","750","800","775"
"Uttar Pradesh","Deoria","Barhaj","Cabbage","Cabbage","23/04/2020","750","800","780"
"Uttar Pradesh","Deoria","Barhaj","Cauliflower","Local","23/04/2020","760","790","780"
"Uttar Pradesh","Deoria","Barhaj","Garlic","Garlic","23/04/2020","6000","6200","6100"
"Uttar Pradesh","Deoria","Barhaj","Ginger(Green)","Green Ginger","23/04/2020","5400","5550","5500"
"Uttar Pradesh","Deoria","Barhaj","Green Chilli","Green Chilly","23/04/2020","1550","1600","1580"
"Uttar Pradesh","Deoria","Barhaj","Gur(Jaggery)","Red","23/04/2020","3300","3350","3320"
"Uttar Pradesh","Deoria","Barhaj","Mustard","Mustard","23/04/2020","4225","4275","4250"
"Uttar Pradesh","Deoria","Barhaj","Onion","Red","23/04/2020","1200","1250","1225"
"Uttar Pradesh","Deoria","Barhaj","Pointed gourd (Parval)","Other","23/04/2020","1850","1900","1875"
"Uttar Pradesh","Deoria","Barhaj","Potato","Potato","23/04/2020","1450","1470","1460"
"Uttar Pradesh","Deoria","Barhaj","Rice","III","23/04/2020","2500","2520","2510"
"Uttar Pradesh","Deoria","Barhaj","Tomato","Tomato","23/04/2020","925","975","950"
"Uttar Pradesh","Deoria","Barhaj","Wheat","Dara","23/04/2020","1920","1960","1940"
"Uttar Pradesh","Firozabad","Firozabad","Apple","Delicious","23/04/2020","7070","7270","7170"
"Uttar Pradesh","Firozabad","Firozabad","Bajra(Pearl Millet/Cumbu)","Deshi","23/04/2020","1590","1690","1640"
"Uttar Pradesh","Firozabad","Firozabad","Banana","Banana - Ripe","23/04/2020","2000","2100","2050"
"Uttar Pradesh","Firozabad","Firozabad","Barley (Jau)","Dara","23/04/2020","1700","1800","1750"
"Uttar Pradesh","Firozabad","Firozabad","Bhindi(Ladies Finger)","Bhindi","23/04/2020","1600","1800","1700"
"Uttar Pradesh","Firozabad","Firozabad","Bitter gourd","Bitter Gourd","23/04/2020","1580","1680","1630"
"Uttar Pradesh","Firozabad","Firozabad","Bottle gourd","Bottle Gourd","23/04/2020","600","700","650"
"Uttar Pradesh","Firozabad","Firozabad","Brinjal","Round","23/04/2020","980","1080","1030"
"Uttar Pradesh","Firozabad","Firozabad","Cabbage","Cabbage","23/04/2020","670","770","720"
"Uttar Pradesh","Firozabad","Firozabad","Cauliflower","Cauliflower","23/04/2020","1200","1300","1250"
"Uttar Pradesh","Firozabad","Firozabad","Cucumbar(Kheera)","Cucumbar","23/04/2020","500","600","550"
"Uttar Pradesh","Firozabad","Firozabad","Ginger(Green)","Green Ginger","23/04/2020","4875","4975","4925"
"Uttar Pradesh","Firozabad","Firozabad","Grapes","Green","23/04/2020","3000","3200","3100"
"Uttar Pradesh","Firozabad","Firozabad","Green Chilli","Green Chilly","23/04/2020","1525","1725","1625"
"Uttar Pradesh","Firozabad","Firozabad","Gur(Jaggery)","Red","23/04/2020","3200","3300","3250"
"Uttar Pradesh","Firozabad","Firozabad","Jack Fruit","Jack Fruit","23/04/2020","1700","1900","1800"
"Uttar Pradesh","Firozabad","Firozabad","Lemon","Lemon","23/04/2020","3350","3550","3450"
"Uttar Pradesh","Firozabad","Firozabad","Onion","Red","23/04/2020","1100","1300","1200"
"Uttar Pradesh","Firozabad","Firozabad","Orange","Orange","23/04/2020","2100","2300","2200"
"Uttar Pradesh","Firozabad","Firozabad","Papaya","Papaya","23/04/2020","1600","1800","1700"
"Uttar Pradesh","Firozabad","Firozabad","Potato","Local","23/04/2020","1180","1460","1280"
"Uttar Pradesh","Firozabad","Firozabad","Pumpkin","Pumpkin","23/04/2020","950","1050","1000"
"Uttar Pradesh","Firozabad","Firozabad","Raddish","Raddish","23/04/2020","640","740","690"
"Uttar Pradesh","Firozabad","Firozabad","Rice","III","23/04/2020","2530","2630","2580"
"Uttar Pradesh","Firozabad","Firozabad","Sponge gourd","Sponge gourd","23/04/2020","1520","1620","1570"
"Uttar Pradesh","Firozabad","Firozabad","Tomato","Hybrid","23/04/2020","1000","1100","1050"
"Uttar Pradesh","Firozabad","Firozabad","Wheat","Dara","23/04/2020","1900","1945","1930"
"Uttar Pradesh","Meerut","Sardhana","Banana - Green","Banana - Green","23/04/2020","800","900","850"
"Uttar Pradesh","Meerut","Sardhana","Green Chilli","Green Chilly","23/04/2020","1500","1700","1600"
"Uttar Pradesh","Meerut","Sardhana","Potato","Desi","23/04/2020","800","900","850"
"Uttar Pradesh","Rampur","Milak","Arhar Dal(Tur Dal)","Arhar Dal(Tur)","23/04/2020","7700","7860","7780"
"Uttar Pradesh","Rampur","Milak","Banana","Banana - Ripe","23/04/2020","2585","2700","2640"
"Uttar Pradesh","Rampur","Milak","Banana - Green","Banana - Green","23/04/2020","1580","1685","1630"
"Uttar Pradesh","Rampur","Milak","Bengal Gram(Gram)(Whole)","Desi (Whole)","23/04/2020","4800","4915","4860"
"Uttar Pradesh","Rampur","Milak","Bhindi(Ladies Finger)","Bhindi","23/04/2020","2005","2090","2050"
"Uttar Pradesh","Rampur","Milak","Bitter gourd","Bitter Gourd","23/04/2020","2250","2340","2300"
"Uttar Pradesh","Rampur","Milak","Black Gram Dal (Urd Dal)","Black Gram Dal","23/04/2020","8300","8445","8380"
"Uttar Pradesh","Rampur","Milak","Bottle gourd","Bottle Gourd","23/04/2020","1000","1100","1050"
"Uttar Pradesh","Rampur","Milak","Brinjal","Brinjal","23/04/2020","975","1060","1020"
"Uttar Pradesh","Rampur","Milak","Cabbage","Cabbage","23/04/2020","985","1065","1025"
"Uttar Pradesh","Rampur","Milak","Cauliflower","Cauliflower","23/04/2020","1000","1105","1050"
"Uttar Pradesh","Rampur","Milak","Cucumbar(Kheera)","Cucumbar","23/04/2020","970","1060","1020"
"Uttar Pradesh","Rampur","Milak","Garlic","Garlic","23/04/2020","6190","6320","6260"
"Uttar Pradesh","Rampur","Milak","Ginger(Green)","Green Ginger","23/04/2020","5230","5335","5280"
"Uttar Pradesh","Rampur","Milak","Grapes","Green","23/04/2020","4190","4305","4250"
"Uttar Pradesh","Rampur","Milak","Green Chilli","Green Chilly","23/04/2020","1950","2050","2000"
"Uttar Pradesh","Rampur","Milak","Mustard","Sarson(Black)","23/04/2020","4130","4260","4200"
"Uttar Pradesh","Rampur","Milak","Mustard Oil","Mustard Oil","23/04/2020","9560","9690","9620"
"Uttar Pradesh","Rampur","Milak","Onion","Red","23/04/2020","1480","1590","1530"
"Uttar Pradesh","Rampur","Milak","Orange","Orange","23/04/2020","2935","3050","2990"
"Uttar Pradesh","Rampur","Milak","Pomegranate","Pomogranate","23/04/2020","4860","4985","4920"
"Uttar Pradesh","Rampur","Milak","Potato","Potato","23/04/2020","1360","1470","1420"
"Uttar Pradesh","Rampur","Milak","Pumpkin","Pumpkin","23/04/2020","850","950","900"
"Uttar Pradesh","Rampur","Milak","Raddish","Raddish","23/04/2020","540","625","585"
"Uttar Pradesh","Rampur","Milak","Rice","Common","23/04/2020","2510","2660","2580"
"Uttar Pradesh","Rampur","Milak","Tomato","Tomato","23/04/2020","1430","1530","1475"
"Uttar Pradesh","Rampur","Milak","Wheat","Dara","23/04/2020","1850","2000","1925"
"Uttrakhand","Dehradoon","Dehradoon","Bottle gourd","Other","23/04/2020","1000","1500","1200"
"Uttrakhand","Dehradoon","Dehradoon","Brinjal","Other","23/04/2020","1000","1500","1200"
"Uttrakhand","Dehradoon","Dehradoon","Carrot","Other","23/04/2020","2000","3000","2500"
"Uttrakhand","Dehradoon","Dehradoon","Cauliflower","Other","23/04/2020","1000","1500","1200"
"Uttrakhand","Dehradoon","Dehradoon","Onion","Other","23/04/2020","1200","2000","1500"
"Uttrakhand","Dehradoon","Dehradoon","Potato","Other","23/04/2020","1200","2200","1800"
"Uttrakhand","Dehradoon","Dehradoon","Pumpkin","Other","23/04/2020","1000","1500","1200"
"Uttrakhand","Dehradoon","Dehradoon","Tomato","Other","23/04/2020","1500","2500","2000"
"West Bengal","Medinipur(W)","Jhargram","Brinjal","Round/Long","23/04/2020","300","500","400"
"West Bengal","Medinipur(W)","Jhargram","Mustard Oil","Mustard Oil","23/04/2020","10000","10300","10200"
"West Bengal","Medinipur(W)","Jhargram","Potato","Jyoti","23/04/2020","1800","2000","1900"
"West Bengal","Medinipur(W)","Jhargram","Rice","Common","23/04/2020","2500","2700","2600"
"West Bengal","Medinipur(W)","Jhargram","Rice","Fine","23/04/2020","3400","3600","3500"
